STO_NR;STO_DEU;STO_LAT;EIGENSCHAFTEN;BESTOCKUNGSZIELE;WB_VERJ_ENT;WB_PFL;BESCHRIEB_NATURWALD;HOEHENVERBREITUNG;STANDORT;GEOLOGIE;VEGETATION;UEBERGAENGE_ZU
1;Typischer Waldhainsimsen-Buchenwald;Luzulo silvaticae-Fagetum typicum;"Gesamtzuwachs und Oberhöhe mässig bis mittel. Bodentrockenheit und -säure bestmmen die Baumartenwahl: TEi, WLi; Fö als Hauptwertträger und Bu, HBi, WLi oder HBu beigemischt oder im Nebenbestand. Guter Standort für Traubeneiche, bei geeigneter Pflege gute Qualität. Fi und Ta durch Bodentrockenheit und Niederschlagsarmut gefährdet, Fichte sehr oft astig. Bu allgemein von schlechter Qualität. Bei hohem Nadelholzanteil Gefahr einer zusätzlichen Bodenversauerung und Rohhumusbildung.";"70-100% Laubholzanteil. Möglich sind Mischwälder mit Fö oder reine Laubwälder; reine Bu-Bestockung ist aber zu vermeiden. ";TEi grossflächig verjüngen, wenn die Samenbäume fehlen, durch Pflanzung. Fö je nach Qualität der Stammbäume natürlich verjüngen oder pflanzen. Die Naturverjüngung wird durch Rohhumusauflagen gehemmt.;Hauptwertträger in grossen Gruppen gemischt. Intensive Durchforstung von Fö-Beständen mittleren Alters, da sonst Produktivitätsrückgang und Vitalitätseinbussen.;"Mässig wüchsige Buchenbestände, die leer wirken, da die Strauchschicht fehlt und die Krautschicht lückig ist; oft viele Moose. Auf trockeneren Flächen (Allschwiler Wald) sind viele Eichen im Buchenverstand miteingemischt.";submontan, 300-400m;Kuppenlagen, flache Hügelrücken. Trockene, saure Böden, oft mit Rohhumusauflage (saure Braunerde).;Kalkarmer Deckenschotter, verlehmte Grobschotter aus dem Tertiär.;"BS: Bu, TEi, (Fö) ; SS: Fehlend.
KS: Weissliche und Wald-Hainsimse, Wiesen-Wachtelweizen, Wald-Habichtskraut, Berg-Platterbse
MS: Widerton, Weissmoos";6
6;Waldmeister-Buchenwald mit Hainsimse;Galio odorati-Fagetum luzuletosum;"Gesamtzuwachsund Oberhöhen mittel, der sauren Böden wegen. Baumartenwahl: TEi (besonders geeignet im unter Kantonteil), Bu, HBi, Ki, SAh, Fö, Lä; daneben Fi, Dou, Ro und falls kürzere Umtriebszeiten nötig sind, REi. Mit einem Nebenbestand aus HBu, WLi wird der Gefahr weiterer Bodenversauerung entgegengewirkt. Bu verhindert Versauerung wenig oder nicht.";60-100% Laubholzanteil. Fi nur vereinzelt. Möglichkeiten vom Mischwald mit starker Föhrenbeteiligung bis zum Laubmischwald oder Traubeneichenwald. Bodenpfleglicher Nebenbestand wichtig. Auf trockeneren Standorten sollte Schwergewicht auf TEi gelegt werden.;Verstärkte oberflächen Versauerung, verbunden mit Rohhumusbildung hemmt die Naturverjüngung. TEi grossflächig verjüngen.;Hauptwertträger in grossen Gruppen gemischt. Intensive Durchforstung von Fö-Beständen mittleren Alters, da sonst Produktivitätsrückgang und Vitalitätseinbussen. Starke Förderung der Lichtbaumarten nötig.;"Ziemlich wüchsiger Hallen-Buchenwald, fast ohne Strauchschicht und oft mit lückiger Krautschicht; Moosschicht mässig entwickelt.";submontan, 310-600m;Flache Kuppen und Hügelrücken. Eher trockene, saure Böden (saure Braunerden). Stellung zwischen Nr. 1 und 7a;saure Deckenschotter und Rissmoränen.;"BS: Bu, HBu, TEi ; SS: Gewöhliche Heckenkirsche ; KS: Hainsimsen-Arten, Busch-Windröschen, Sauerklee, Ährige Rapunzel, Gemeiner Waldfarn, Wald-Veilchen, Goldnessel (spärlich)";1, 7a, 7e
7a;Typischer Waldmeister-Buchenwald;Galio odorati-Fagetum typicum;"Gesamtzuwachs und Oberhöhen hoch. Der ausgeglichene Standort lässt grosse Freiheiten in der Baumartenwahl: Fast alle Baumarten können Wertträger sein. Auf dem wüchsigen Standort ist jedoch die Konkurrenzfähigkeit der Lichtbaumarten verringert, die ohne starke Pflegeeingriffe verdrängt werden. Baumartenwahl: TEi, SEi, Ki, BAh, Es, WLi, HBu; daneben Fi, Ta, Fö Lä, Dou, und falls Umtriebszeiten nötig sind, REi. Etwas trockenere Standorte sind ideal für feinringige Eichen. Dank der hohen Aktivität des Bodenlebens sind die Böden im Allgemeinen relativ unempfindlich gegen bestandesbedingte Versauerung. Die Fichte verdichten die Böden, wenn sie nass sind; die Lösslehmböden sind besonders verdichtungsgefährdet und sollen möglichst wenig befahren werden.";50-100% Lauholzanteil. Grosse Freiheit in Mischungsart, -grad und -form. Spielraum vom Bu-Edellaubmischwald bis zum Nadelmischwald mit Bu, wobei im untern Baselbiet der geringeren Niederschläge wegen das Schwergewicht unbedingt beim Laubholz (insbesondere Eiche) liegen sollte.;Schon bei geschlossener Baumschicht oft stark Bu-, Es- oder BAh-Verjüngung. Die Naturverjüngung aller Arten unter Schirm deshalb ist leicht möglich, wenn der Widerstand nicht zu hoch ist. Lichtbaumarten grossflächig verjüngen. Nebenbestandbaumarten wie WLi möglich früh einbringen.;Regelmässige Jungwuchspflege in Mischbeständen und starke Förderung von Lichtbaumarten nötig.;Gut wüchsiger Hallen-Buchenwald mit starken geraden Stämmen. Die Krautschicht ist manchmal  artenreich, die Moosschicht unauffällig.;submontan, 300-600m;Alle Expositionen. Ebene bis sehr steile Lagen. Mittlere (weder stark saure noch kalkreiche), skelettarme, gut nährstoffversorgte, frische Böden (Mull-Braunerden). ;Lösslehm, verlehmte Schotter, Rheinschotter, Moränen, Molasse (Jura-Nagelfluh), kleinflächig auch auf weicheren Juraschichten (z.B. Keuper bei Hemmiken). An steilen Hängen bis zur Oberfläche skeletthaltig.;"BS: Bu, SEi, TEi, HBu, Ki, Es, BAh, SAh ; SS: Brombeere, Gewöhnliches Geissblatt ; KS: Wald-Segge, Goldnessel, Sauerklee, Behaarte Hainsimse, Einbeere, Waldmeister, Wald-Zwecke, Rasen-Schmiele; dazu in den Sundgauer Hügeln Hexenkraut, Scharbockskraut";6, 7b, 7S, 8a
7b;Typischer Waldmeister -Buchenwald, Ausbildung mit Seegras;Galio odorati-Fagetum typicum, Carex brizoides-Ausbildung;Die Baumartenwahl auf diesem wüchsigen Standort wird von der Staunässe im Boden bestimmt: SEi, Es, BAh, Ki, Fö, HBu, WLi und Bu im Nebenbestand. Der Boden ist sehr verdichtungsgefährdet und darf nicht befahren werden.;80-100% Laubholzanteil. Möglich sind verschiedene Mischwälder.;Naturverjüngung bei zu starker Auflichtung durch Verunkrautung (Seegras) behindert.;Regelmässige Jungwuchspflege in Mischbeständen und starke Förderung von Lichtbaumarten nötig.;Gut wüchsiger Buchenwald mit starker Beimischung von Edellaubhölzern und Stieleichen. Meist mit Seegras-Teppich. Teils ist die Traubenkirsche in der Strauch- und Krautschicht stark vorhanden.;submontan, 300-400m;Schwach gewelltes Gelände. Frische Böden mit Tendenz zu Staunässe, eher basenarm (leicht pseudovergleyte Braunerden).;Lösslehm;"BS: Bu, SEi, Es, BAh ; SS: Gemeiner Schneeball, Traubenkirsche ; KS: Wald-Seegras (Seggenart!), Lockerährige Segge, Wald-Segge, Wald-Ziest, Rasen-Schmiele, Hexenkraut, Busch-Windröschen, Sauerklee, Gemeiner Waldfarn, Dorniger Wurmfarn";7a
7a(10a);Waldmeister-Buchenwald mit Hornstrauch;Galio odorati-Fagetum cornetosum;"Wüchsiger Standort. Der Basengehalt des Unterbodens lässt grosse Freiheit bei der Baumartenwahl: TEi, Bu, BAh, Es, Ki, SAh, Fö, Lä sund sowie HBu, FAh, WLi, im Nebenbestand. Der gelegentlichen oberflächlichen Austrockungen des Bodens wegen sind Flachwurzler wie Fichte mancherorts gefährdet. An Südlagen wegen der Trockenheit gehemmter Streuabbau. Böden in Nässeperioden nicht befahren; im Lösslehmgebiet dürfen die Böden der besonderen Verdichtungsgefahr wegen auch bei trockenen Bedingungen möglichst nicht befahren werden.";60-100% Laubholzanteil. Den Flächenanteil der Flachwurzler und der Baumarten mit schwer abbaubarer Streu klein halten. Spielraum vom Mischwald mit viel Fö bis zum Laubmischwald verschiedener Ausprägung.;Naturverjüngung manchmal der dichten Strauchschicht wegen problematisch. ;Intensive Durchforstung, insbesondere der Mischbestände, nötig.;Ziemlich wüchsiger Hallen-Buchenwald, oft mit stark entwickelter Strauchschicht oder Teppich von Schlaffer Segge.;submontan, 300-650m;"Alle Expositionen, Hangneigungen von eben bis ziemlich steil. Mittlere Böden (Braunerden) wie 7a, jedoch in den unteren Bodenschichten Kalk; oft skelettreicher und etwas trockener als bei Nr. 7a.";Verlehmte Schotter, Rheinschotter, Molasse (Jura-Nagelfluh), weichere Juraschichten (Keuper, Lias).;"BS: Bu, HBu, TEi, Es, FAh, BAh, Ki, WLi ; SS: Weissdorn, Liguster, Hornstrauch, Wolliger Schneeball, Feld-Rose, Seidelbast ; KS: Goldnessel, Wald-Zwenke, Wald-Segge, Waldmeister, Schlaffe Segge, Mandelblättrige Wolfsmilch.";7a, 9a, 9w, 10a, 10w
7S(10a);Waldmeister-Buchenwald mit Hornstrauch, Ausbildung mit Gold-Hahnenfuss;;"Wüchsiger Standort. Der Basengehalt des Unterbodens lässt grosse Freiheit bei der Baumartenwahl: TEi, Bu, BAh, Es, Ki, SAh, Fö, Lä sund sowie HBu, FAh, WLi, im Nebenbestand. Der gelegentlichen oberflächlichen Austrockungen des Bodens wegen sind Flachwurzler wie Fichte mancherorts gefährdet. An Südlagen wegen der Trockenheit gehemmter Streuabbau. Böden in Nässeperioden nicht befahren; im Lösslehmgebiet dürfen die Böden der besonderen Verdichtungsgefahr wegen auch bei trockenen Bedingungen möglichst nicht befahren werden.";60-100% Laubholzanteil. Den Flächenanteil der Flachwurzler und der Baumarten mit schwer abbaubarer Streu klein halten. Spielraum vom Mischwald mit viel Fö bis zum Laubmischwald verschiedener Ausprägung.;Naturverjüngung manchmal der dichten Strauchschicht wegen problematisch. ;Intensive Durchforstung, insbesondere der Mischbestände, nötig.;Ziemlich wüchsiger Hallen-Buchenwald, oft mit stark entwickelter Strauchschicht oder Teppich von Schlaffer Segge. Im Frühling fällt der Gold-Hahnenfuss auf.;submontan, 300-650m;"Alle Expositionen, Hangneigungen von eben bis ziemlich steil. Mittlere Böden (Braunerden) wie 7a, jedoch in den unteren Bodenschichten Kalk; oft skelettreicher und etwas trockener als bei Nr. 7a. Im Vergelich zu 7a(10a) tonreichere und somit frischere Böden.";Verlehmte Schotter, Rheinschotter, Molasse (Jura-Nagelfluh), weichere Juraschichten (Keuper, Lias).;"BS: Bu, HBu, TEi, Es, FAh, BAh, Ki, WLi ; SS: Weissdorn, Liguster, Hornstrauch, Wolliger Schneeball, Feld-Rose, Seidelbast ; KS: Goldnessel, Wald-Zwenke, Wald-Segge, Waldmeister, Schlaffe Segge, Mandelblättrige Wolfsmilch.";7a, 9a, 9w, 10a, 10w
7a(9a);Waldmeister-Buchenwald mit Lungenkraut;Galio odorati-Fagetum pulmonarietosum;"Ähnlich gutwüchsig wie Nr. 7a. Ebenfalls grosse Freiheit in der Baumartenwahl: TEi, SEi, Bu, Ki, BAh, Es, WLi, HBu; daneben Fi, Fö, Lä, Dou. Auf etwas trockeneren Standorten insbesondere für feinringige Eichen günstig. Die Befahrbarkeit ist in Nässeperioden eingeschränkt, insbesondere in den Lösslehmgebieten. Diese Einschränkung gilt für die Ausbildungen mit Gold-Hahnenfuss in besonderem Masse.";50-100% Laubholzanteil. Grosse Freiheit in der Baumartenwahl. Möglichkeiten vom Laubmischwald in verschiedenene Ausprägungen bis zum Bu-Nadelholzmischbestand offen, wobei im untern Baselbiet das Schwergewicht unbedingt beim Laubholz liegen muss.;Wie bei Nr. 7a.;Intensive Durchforstung insbesondere der Mischbestände nötig.;Gut wüchsiger Hallen-buchenwald mit starken geraden Stämmen. Die Krautschicht ist manchmal artenreich, Moose sind unauffällig.;submontan, 270-700m;Alle Expositionen und Lagen ausser steilen Hängen. Basenreiche, gut nährstoffversorgte, frische Böden (basenreiche Braunerden). ;Lösslehm, Rheinschotter, Moränen, Molasse (Jura-Nagelfluh), weichere Jura-Schichten (Keuper, Lias).;"BS: Bu, HBu, Es, Ki, BAh, (SAh, WLi) ; SS: Weissdorn, Liguster, Feld-Rose (weniger dicht als bei Nr. 7e) ; KS: Aronstab, Lungenkaut, Wald-Segge, Goldnessel, Wald-Zwenke, Waldmeister; in den Sundauer Hügeln auch Hexenkraut, Scharbockskraut";7a, 7S, 9a
7S(9a);Waldmeister-Buchenwald mit Lungenkraut, Ausbildung mit Gold-Hahnenfuss;;Der etwas frischere Boden ist günstiger für SEi als für TEi. Die Befahrbarkeit ist in Nässeperioden eingeschränkt, insbesondere in den Lösslehmgebieten. Diese Einschränkung gilt für die Ausbildungen mit Gold-Hahnenfuss in besonderem Masse.;50-100% Laubholzanteil. Grosse Freiheit in der Baumartenwahl. Möglichkeiten vom Laubmischwald in verschiedenene Ausprägungen bis zum Bu-Nadelholzmischbestand offen, wobei im untern Baselbiet das Schwergewicht unbedingt beim Laubholz liegen muss.;Wie bei Nr. 7a.;Intensive Durchforstung insbesondere der Mischbestände nötig.;Gut wüchsiger Hallen-buchenwald mit starken geraden Stämmen. Die Krautschicht ist manchmal artenreich, Moose sind unauffällig. Im Frühling fällt der Gold-Hahnenfuss auf.;submontan, 270-700m;Alle Expositionen und Lagen ausser steilen Hängen. Basenreiche, gut nährstoffversorgte, frische Böden (basenreiche Braunerden).  Die Böden sind im Vergleich zu 7a(9a) etwas tonreicher und somit frischer.;Lösslehm, Rheinschotter, Moränen, Molasse (Jura-Nagelfluh), weichere Jura-Schichten (Keuper, Lias).;"BS: Bu, HBu, Es, Ki, BAh, (SAh, WLi) ; SS: Weissdorn, Liguster, Feld-Rose (weniger dicht als bei Nr. 7e) ; KS: Aronstab, Lungenkaut, Wald-Segge, Goldnessel, Wald-Zwenke, Waldmeister; in den Sundauer Hügeln auch Hexenkraut, Scharbockskraut";7a, 7S, 9a
7S;Feuchter Waldmeister-Buchenwald;Galio-Fagetum stachyetosum sylvaticae;"Sehr produktive Standorte für Edellaubbäume, daher auch kleine Flächen innerhalb anderer Gesellschaften berücksichtigen. Hauptwertträger sind Es, BAh, SEi, Ki, BUl; beigemischt und im Nebenbestand SAh, WLi, SEr, HBu, FAh. Die Bodennässe schränkt die Möglichkeiten für Bu und Fi ein. Für Fi Gefahr der Stockfäule und der schlechten Verankerung. In besonderen Fällen kann als vorübergehende Bestockung mit sehr kurzer Umtriebszeit (Vorwald, Abschirmung) As verwendet werden. Das Befahren der schweren Böden ist allgemein zu unterlassen.";90-100% Laubholzanteil. Spielraum vom Edellaubmischwald mit wenig beigemischter Ta und Fi bis zum reinen SEi-Bestand. Bu im Nebenbestand mitpflegen, neben HBu, WLi und FAh.;Infolge der Vernässungs- und Verunkrautungsgefahr sind grossflächige Eingriffe zu vermeiden. Forstempfindliche Baumarten nicht in Muldenlagen. Alle standortsheimischen Arten samen sich leicht unter dem Bestandesschirm an, wobei der Verjüngungszeitraum dem Lichtbedarf der Baumart angepasst wird.;"Es, Ki, SEr in Einzelmischung; BAh, SAh, BUl und Li in Gruppen und Horsten. SEi auf grösseren Flächen ohne Beimischung anderer Baumarten nachziehen; Nebenbestand schon früh einbringen.";Sehr wüchsiger Buchenwald mit hohem Bergahorn- und Eschenanteil, oft üppige Krautschicht. Strauchschicht meist sehr lückig.;submontan, 270-600m;Mulden, Hangfuss- und untere Hanglagen, seltener flache Mulden auf Hochebenen. Gut nährstoffversorgte, basenreiche, feuchte und staunasse Böden, die noch genügend durchlüftet sind für die Buche (feuchte Braunerden).;Lösslehm, Rheinschotter, Moränen, Molasse (Jura-Nagelfluh), weichere Jura-Schichten.;"BS: Bu, Es, BAh, SEi ; SS: Weissdorn, Feld-Rose, Seidelbast, Pfaffenhütchen, Schwarzer Holunder ; KS: Wald-Ziest, überhängende Segge, Lockerährige Segge, Riesen-Schwingel, Hexenkraut, Scharbockskraut, Waldmeister , Ruprechtskraut, Wald-Schlüsselblume, Wald-Segge, Horstbildende Schmiele, Einbeere, Lungenkraut, Aronstab";7a, 11, 26
8a(12a);Waldhirsen-Buchenwald mit Lungenkraut;Milio-Fagetum pulmonarietosum;Gesamtzuwachs und Höhenbonität sehr gut. Grosse Freiheit bei der Baumartenwahl unter den nicht wärmebedürftigen Arten: Bu, BAh, Ta, Fi, Es, BUl, Dou. Befahrbarkeit bei nassem Boden erschwert.;50-100% Laubholzanteil. Grosse Freiheit in Mischungsform, -art und -grad. Vom naturnahen, fast reinen Bu-Bestand über einen Laubmischwald bis zu einem Laub-Ta-Fi-Mischwald alles möglich.;Natürliche Verjüngung im Femelschlagverfahren ohne Schwierigkeiten möglich.;"Bei einem hohen Ta-Anteil (sofern der Wildbestand es zulässt) Plenterung möglich; sonst Femelschlagbewirtschaftung.";Gut wüchsiger, hochstämmiger Buchenwald mit beigemischter Tanne.;untermontan, 510-750m;Alle Expositionen und nicht zu steile Lagen. Tiefgründige, frische, basenreiche Boden (Braunerden).;Verwitterungslehme, weichere Juraschichten;"BS: Bu, Ta, (BAh, Es) ; SS: Himbeere, Schwarzer Holunder, Brombeere ; KS: Aronstab, Waldmeister, Lungenkraut, Goldnessel, Wald-Segge, Wald-Schwingel, Fuchs' Kreuzkraut, Gemeiner Wurmfarn";12a
8a;Typischer Waldhirsen-Buchenwald;Milio-Fagetum typicum;Gesamtzuwachs und Höhenbonität sehr gut. Grosse Freiheit bei der Baumartenwahl unter den nicht wärmebedürftigen Arten: Bu, BAh, Ta, Fi, Es, BUl, Dou. Befahrbarkeit bei nassem Boden erschwert.;50-100% Laubholzanteil. Grosse Freiheit in Mischungsform, -art und -grad. Vom naturnahen, fast reinen Bu-Bestand über einen Laubmischwald bis zu einem Laub-Ta-Fi-Mischwald alles möglich.;Natürliche Verjüngung im Femelschlagverfahren ohne Schwierigkeiten möglich.;"Bei einem hohen Ta-Anteil (sofern der Wildbestand es zulässt) Plenterung möglich; sonst Femelschlagbewirtschaftung.";Gut wüchsiger, hochstämmiger Buchenwald mit beigemischter Tanne.;untermontan, 510-750m;Alle Expositionen und nicht zu steile Lagen. Tiefgründige, frische, basenreiche Boden (Braunerden). Typisch für nebelreiche Lagen.;Verwitterungslehme, weichere Juraschichten;"BS: Bu, Ta, (BAh, Es) ; SS: Himbeere, Schwarzer Holunder, Brombeere ; KS: Aronstab, Waldmeister, Lungenkraut, Goldnessel, Wald-Segge, Wald-Schwingel, Fuchs' Kreuzkraut, Gemeiner Wurmfarn";12a
8S;Feuchter Waldhirsen-Buchenwald;Milio-Fagetum stachyetosum sylvaticae;Gesamtzuwachs und Höhenbonität sehr gut. Grosse Freiheit bei der Baumartenwahl unter den nicht wärmebedürftigen Arten: Bu, BAh, Ta, Fi, Es, BUl, Dou. Befahrbarkeit bei nassem Boden erschwert.;50-100% Laubholzanteil. Grosse Freiheit in Mischungsform, -art und -grad. Vom naturnahen, fast reinen Bu-Bestand über einen Laubmischwald bis zu einem Laub-Ta-Fi-Mischwald alles möglich.;Natürliche Verjüngung im Femelschlagverfahren ohne Schwierigkeiten möglich.;"Bei einem hohen Ta-Anteil (sofern der Wildbestand es zulässt) Plenterung möglich; sonst Femelschlagbewirtschaftung.";In diesem sehr wüchsigen Wald spielen Bergahorn und Esche neben der Buche eine grosse Rolle. Feuchtezeiger wie der Wald-Ziest und die Überhängende Segge prägen die Krautschicht zusammen mit den Zeigern der Montanstufe.;untermontan, 510-750m;Muldenlagen, Täler. Tiefgründige, feuchte, basenhaltige Böden, die für den Zahnwurz-Buchenwald mit Bärlauch oder Hexenkraut (Nr. 12g, 12b) zu basenarm sind.;Verwitterungslehme, weichere Juraschichten;"BS: Bu, Ta, (BAh, Es) ; SS: Himbeere, Schwarzer Holunder, Brombeere ; KS: Aronstab, Waldmeister, Lungenkraut, Goldnessel, Wald-Segge, Wald-Schwingel, Fuchs' Kreuzkraut, Gemeiner Wurmfarn";12a
8d;Waldhirsen-Buchenwald mit Hainsimse;Milio-Fagetum luzuletosum;Baumartenwahl und Wachstum etwas eingeschränkt durch den sauren Boden: Baumartenwahl unter den nicht wärmebedürftigen Baumarten: Bu, Ta, Fi, Bi, Fö.;50-100% Laubholzanteil. Grosse Freiheit in Mischungsform, -art und -grad. Vom naturnahen, fast reinen Bu-Bestand über einen Laubmischwald bis zu einem Laub-Ta-Fi-Mischwald alles möglich.;Natürliche Verjüngung im Femelschlagverfahren ohne Schwierigkeiten möglich.;"Bei einem hohen Ta-Anteil (sofern der Wildbestand es zulässt) Plenterung möglich; sonst Femelschlagbewirtschaftung.";Wüchsiger Hallen-Buchenwald mit Tanne.;untermontan, 400-450m;Flache Rücken. Saure, im Allgemeinen gut drainierte Böden (saure Braunerden).;Mächtige Verwitterungslehmschichten.;"BS: Bu, Ta, (BAh, Es) ; SS: Himbeere, Schwarzer Holunder, Brombeere ; KS: Aronstab, Waldmeister, Lungenkraut, Goldnessel, Wald-Segge, Wald-Schwingel, Fuchs' Kreuzkraut, Gemeiner Wurmfarn";12a
8a(12e);Waldhirsen-Buchenwald, Ausbildung auf Jura-Hochflächen;;Gesamtzuwachs und Höhenbonität sehr gut. Grosse Freiheit bei der Baumartenwahl unter den nicht wärmebedürftigen Arten: Bu, BAh, Ta, Fi, Es, BUl, Dou. Befahrbarkeit bei nassem Boden erschwert.;50-100% Laubholzanteil. Grosse Freiheit in Mischungsform, -art und -grad. Vom naturnahen, fast reinen Bu-Bestand über einen Laubmischwald bis zu einem Laub-Ta-Fi-Mischwald alles möglich.;Natürliche Verjüngung im Femelschlagverfahren ohne Schwierigkeiten möglich.;"Bei einem hohen Ta-Anteil (sofern der Wildbestand es zulässt) Plenterung möglich; sonst Femelschlagbewirtschaftung.";Ziemlich wüchsiger Hallen-Buchenwald mit Tanne mit teils ausgeprägter Strauchschicht.;untermontan, 510-750m;Flache Rücken. Der Boden ist ähnlich aufgebaut wie in vielen Wäldern der Tafeljura-Ebenen (Nr. 7j): über dem Kalkgestein liegt eine Lehmschicht, die das Aufkommen von Kalkanzeigern verhindert. Der Boden ist flachgründiger als bei Nr. 8f.;Hauptrogenstein mit Lehmauflage, Malmkalke mit Lehmauflage;"BS: Bu, Ta ; SS: - ; KS: Wald-Schwingel, Waldmeister, Aronstab, Gemeiner Wurmfarn";12a
9a;Typischer Lungenkraut-/Platterbsen-Buchenwald;Pulmonario-/Lathyro-Fagetum typicum;Gesamtzuwachs und Höhenbonität mittel bis gut. Zeitweilige leichte Bodentrockenheit im Sommer möglich. TEi, BAh, Bu, Ki, Es, Li, Fö und Lä als Hauptwertträger. FAh und HBu im Nebenbestand. Gute Exemplare von Es, SAh in der Oberschicht aufwachsen lassen. Fi und Ta auf den skelettreichen Böden in trockenen Sommern durch Dürreschäden gefährdet. Ro, Dou möglich. Befahrbarkeit im allgemeinen problemlos.;70-100% Laubholzanteil. Möglichkeiteen vom reinen Bu-Hallenwald bis zum Laubmischwald mit Fö. Auch sehr gut für Nu geeignet. An lokal frischeren Stellen Fi und Ta eingestreut möglich.;Naturverjüngung im Allgemeinen problemlos. Da sich in grösseren Bestandeslücken die Sträucher üppig entwickeln können, empfiehlt sich ein kleinflächiges Femelschlagverfahren oder, bei Buche, ein mehrmaliges, dosiertes Vorlichten (Saum-Schirmschlag).;Trotz der Konkurrenzkraft der Buche können wärmeliebende Laubbäume relativ leicht gefördert werden. Fö und Lä brauchen der Bu gegenüber einen Wuchsvorsprung. Ki sollte in geschlossenem Bestand aufwachsen, da sie sonst stark astig wird und Zwiesel bildet.;"Ziemlich wüchsiger Hallenwald mit dominanter Buche; starke, gerade Stämme. Viele Frühjahrsblüter in der Krautschicht. Das Aussehen der Krautschicht kann von verschiedenen Arten bestimmt werden: Oft herrscht das Bingelkraut vor, manchmal die Haselwurz. Bestände mit sehr wenigen Bodenpflanzen sind in der Gegend von Liestal verbreitet.";submontan, 350-710m;"Alle Expositionen und Lagen. Fruchtbare, skelettreiche, gut durchlüftete Kalkböden, die nur in Dürrezeiten austrocknen; meist mit gut entwickeltem Mullhorizont (verbraunte Rendzina und Kalk-Braunerden).";Alle Malm-, Dogger- und Mischelkalk-Schichten ausser Mergel.;"BS: Bu, Es, BAh, TEi, Ki, (Ta) ; SS: Waldrebe, Hornstrauch, Weissdorn, Wolliger Schneeball, Gemeiner und Lorbeer-Seidelbast, Liguster ; KS: Frühlings-Platterbse, Bingelkraut, Haselwurz, Stinkende Nieswurz, Waldmeister, Wald-Segge, Goldnessel, Mandelblätttrige Wolfsmilch, Wald-Zwenke, Busch-Windröschen, Lungenkraut, Aronstab, Nickendes Perlgras, Vielblütige Weisswurz";10a, 11, 12a, 13a
9a(11);Lungenkraut-Buchenwald mit Hexenkraut;Pulmonario-Fagetum circaeetosum;Der wüchsige Standort ist ideal für Bu, BAh, Es und insbesondere Ta, da er meist in etwas schattigeren Lagen liegt und der Boden kaum austrocknet. Beimischung von Fi möglich.;60-100% Laubholzanteil. Mischbestände mit Ta als Wertträger.;Naturverjüngung im Allgemeinen gut möglich.;Stufige Bestände anstreben.;Gut wüchsiger Buchen-Hallenwald mit Tannenbeimischung. Im Frühling weist der Gold-Hahnenfuss auf die Bodenfeuchtigkeit hin.;submontan, 350-710m;"Hänge und Mulden in schattigen, etwas luftfeuchteren Lagen. Frische bis feuchte, tiefgründige, basenreiche Böden (feuchte Kalk-Braunerde); Bodenfeuchtigkeit im Allgemeinen zwischen derjenigen von 9a und 11.";Alle Malm-, Dogger- und Mischelkalk-Schichten ausser Mergel.;"BS: Bu, Ta, BAh, Es ; SS: Hasel, Rote Heckenkirsche, Schwarzer Holunder ; KS: Bingelkraut, Waldmeister, Lungenkraut, Goldnessel, Haselwurz, Hexenkraut, Ruprechtskraut ; MS: Moose oft gut vertreten, z.B. Welliges Sternmoos";7S, 9a, 11, 12b
9w;Wechselfeuchter Lungenkraut-/Platterbsen-Buchenwald;Pulmonario-/Lathyro-Fagetum caricetosum flaccae;Der Mergelboden mit Austrocknungs- und Vernässungsphasen erlaubt auf diesem mässig wüchsigen Standort das Gedeihen der Fö neben anderen wärmeliebenden und trockenheitsertragenden Baumarten: TEi, BAh sowie FAh, EBe, MBe, Ki, Es, SAh. Bu-Qualität mässig. In lichten Beständen entwickeln sich die Sträucher stark und können den Jungwuchs behindern. Befahrbarkeit bei nassem Wetter eingeschränkt.;60-100% Laubholzanteil. Möglichkeiten von TEi-Mischwald bis zum Bu-Mischwald mit Fö.;Natürliche Verjüngung im Allgemeinen problemlos, wenn die Sträucher zurückgedrängt werden und nicht zu grossflächig verjüngt wird.;Kombinationen von Licht- und Halbschattenbaumarten sowie den Nebenbestand fördern.;Im Allgemeinen mässig wüchsiger Buchenwald mit eingestreuten Föhren und oft dichter Strauchschicht.;submontan, 400-700m;Hanglagen. Mergelige, schwach wechselfeuchte Böden. Stellung zwischen Nr. 9a und 10w.;Mergelige Kalke aus dem Malm und andern Jura-Schichten.;"BS: Bu, Fö, TEi, EBe, BAh ; SS: Waldrebe, Hornstrauch, Weissdorn, Wolliger Schneeball, Gemeiner und Lorbeer-Seidelbast, Liguster oft dicht und kriechend ; KS: Schlaffe Segge, Waldmeister, Haselwurz, Bingelkraut, Frühlings-Platterbse, Wald-Zwenke, Finger-Segge, Wald-Segge";9a, 10w
10a;Lungenkraut-/Platterbsen-Buchenwald mit Immenblatt;Pulmonario-/Lathyro-Fagetum melittetosum;"Gesamtzuwachs ind Höhebonität mässig. Baumartenwahl durch die Trockenheit des Bodens bestimmt: TEi, BAh, Fö, Lä, dazu seltene Laubbäume beigemischt wie MBe, EBe, SAh, FUl, FAh, Nu sowie Ro, SFö. Bu im Nebenbestand; sie ist sehr vital, liefert aber kein Qualitätsholz (krummschaftig, Astansatz tief). Befahrbarkeit vor allem durch die Hangneigung beschränkt.";60-100% Laubholzanteil. Möglichkeiten vom TEi-Mischwald bis zum Laub-Fö-Mischwald.;Die Naturverjüngung wird in allzu lichten Beständen durch die Sträucher behindert (weniger als bei Nr. 10w).;Förderung von Unterwuchs und Nebenbestand als Schutz vor Bodenaustrocknung und zur Pflege des Bodenlebens. Buche frühzeitig zurückdrängen.;Mässig wüchsiger Buchenmischwald.;submontan, 320-750m;Flache bis steile Hänge in allen Expositionen ausser in ausgesprochenen Schattenlagen. Mässig trockene kalkböden (Rendzina).;Alle Jura-Schichten.;"BS: Bu, TEi, MBe, Es, Ki, Fö ; SS: Waldrebe, Hornstrauch, Weissdorn, Wolliger Schneeball, Gemeiner und Lorbeer-Seidelbast, Liguster ; KS: Frühlings-Platterbse, Bingelkraut, Stinkende Nieswurz, Haselwurz, Waldmeister, Immenblatt, manchmal auch Weisse Segge; Goldnessel, Wald-Segge und Lungenkraut selten.";9a, 10w, 14
10w;Wechselfeuchter Lungenkraut-/Platterbsen-Buchenwald mit Immenblatt;Pulmonario-/Lathyro-Fagetum melittetosum, Carex flacca-Variante;Gesamtwuchs und Höhenbonität mässig. Der meist warme Standort und der mergelige Boden, der durch die starke Austrocknungsphasen die Buche in ihrem Wachstum einschränkt, erleichtert die Förderung von Lichtbaumarten, Neben TEi, Es und BAh sind Fö, MBe, EBe, Ki, SAh, FAh von Bedeutung für die Bewirtschaftung. Bu-Qualität schlecht. Das Befahren kann in nassen Perioden auf den Mergelböden schädlich sein (Bodenverdichtung, Wurzelverletzungen).;60-100% Laubholzanteil. Möglich sind verschiedene Kombinatioen vom Laubmischwald bis zum Mischbestand mit viel Fö. Seltene Laubbäume berücksichtigen.;Wenn zu stark aufgelichtet wird, kann die aufkommende dichte Strauchschicht die natürliche Verjüngung hemmen.;Eine nicht zu dichte Strauchschicht unter einem vielfältigen Kronendach lockert den kompakten Boden dank intensiver Durchwurzelung und Aktivierung des Bodenlebens.;Mässig wüchsiger Buchenmischwald, meist mit ausgeprägter Strauchschicht.;submontan, 350-850m;Flache bis steile Hänge in allen Expositionen. Wechseltrockene, mergelige Böden (Mergel-Rendzina).;Alle mergelige Jura-Schichten;"BS: Bu, Fö, MBe. Ki, TEI ; SS: Liguster (oft üppig und kriechend), Hornstrauch, Wolliger Schneeball, Feld-Rose, Lorbeer-Seidelbast, Schwarzdorn ; KS: Schlaffe Segge (oft Teppiche), Bingelkraut, Frühlings-Platterbse, Nickendes Perlgras";9a, 10a, 12w, 14
11;Aronstab-Buchenwald;Aro-fagetum;"Gesamtzuwachs und Höhenbonität sehr gut. Baumartenwahl durch die zeitweise Nässe bestimmt. SEi, Ki, BAh, Es, BUl und eventuell beigemischt Ta und Fi sind Hauptwertträger; HBu, Li, FAh und SAh sind für den Nebenbestand geeignet. Dieser Standort, der von Natur aus von der Buche beherrscht wird, ist der ideale Standort für Edellaubhölzer, die hier hervorragende Wertleistungen erreichen. Fö und Lä sind nicht konkurrenzfähig. Mulden können wegen Kälteseen für frostempfindliche Bäume gefährlich sein. In besonderen Fällen kann als vorübergehende Bestockung mit sehr kurzer Umtriebszeit (Vorwald, Abschirmung) As verwendet werden. Die feuchten Böden nicht befahren.";90-100% Laubholzanteil. Edellaubmischwald mit BAh, Es als dominante Baumarten, dazu Ki, BUl, oder SEi-Bestand mit Nebenbestand.;Der Bärlauch-Teppich im Frühling schränkt die Naturverjüngung im Allgemeinen nicht ein.;Es und Ki in Einzelmischung, BAh, SAh, BUl und Li in gemischten Gruppen und Horsten. SEi in grösseren Flächen.;Sehr wüchsiger Hallen-Buchenmischwald mit schwach entwickelter Strauchschicht. Frühlingsaspekt meist vom Bärlauch bestimmt, so dass im Sommer nach dessen Vergilben nur noch wenig Kräuter vorhanden sind.;submontan, 300-700m;Meist schattige Hangfusslagen, untere Hanglagen. Kalk- und tonreiche Böden, die noch genügend durchlüftet sind für die Buche (feuchte, basenreiche Braunerde).;Lehmreicher Gehängeschutt, auch weichere Kalkschichten des Jura.;"BS: Bu, Es, BAh, BUl, SAh, SEi ; SS: Rote Heckenkirsche, Lorbeer-Seidelbast ; KS: Bärlauch, Goldnessel, Aronstab, Wald-Schlüsselblume, Bingelkraut, Hexenkraut, Waldmeister, Einbeere";7S, 9a, 12S
12a;Typischer Bingelkraut-/Zahnwurz-Buchenwald;Mercuriali-/Cardamino-Fagetum typicum;Gesamtzuwachs und Höhenbonität gut. Das montane Klima schliesst die wärmelibenden Baumarten aus. Baumartenwahl: Bu, BAh, Es, SLi, BUl, Ta, Fi, Lä. Bester Standort für die Buche, die gerade, lange Stämme bildet. Im dunklen Hallenwald kaum Möglichkeiten für Nebenbestand oder Unterwuchs, ausser mit Eibe. Befahrbarkeit der Hangneigung wegen meist eingeschränkt.;60-100% Laubholzanteil. Möglichkeiten tvom reinen Buchenwald über Bu-Es-BAh-Mischwälder bis zum Bu-Ta-Fi-Mischwald.;Ein differenziertes Femelschlagverfahren gewährleistet meist eine reichliche Naturverjüngung. Bu-Verjüngung unter Schirm, umfangreiche Kahlhiebe vermeiden. Vereinzelt angesamte Bu können über zehn Jahre ausharren, ohne ihre Entwicklungsfähigkeit einzubüssen.;"BAh, Es und BUl brauchen von der Dickungsphase an genügend Licht, da sie sonst von der Buche überwachsen werden; sie müssen auch später herausgepflegt werden, damit genügend grosse Kronen entstehen könen. Allfälligen eiben-Nebenbestand pflegen.";Gut wüchsiger Hallen-Buchenwald mit hohen, geraden Stämmen. Manchmal Tannen beigemischt. Krautschicht oft von der Fiederblättrigen Zahnwurz beherrscht.;untermontan, 600-1200m;Nordlagen bis 800m/Südlagen bis 1200m in allen Expositionen. Skelettreiche Kalkböden mit meist gut entwickelter Mullschicht (Kalk-Rendzina).;Härtere Jura-Kalke, nicht zu lehmiger Gehängeschutt.;"BS: Bu, BAh, Es, Ta, BUl ; SS: - ; KS: Fiederblättrige zahnwurz, Wald-Schwingel, Bingelkraut, Waldmeister, Goldnessel, Sauerklee, Haselwurz, Gelappter Schildfarn";12S, 13a, 17, 18
12a(9a);Typischer Zahnwurz-Buchenwald, artenarme Ausbildung;;Gesamtzuwachs und Höhenbonität gut. Das montane Klima schliesst die wärmelibenden Baumarten aus. Baumartenwahl: Bu, BAh, Es, SLi, BUl, Ta, Fi, Lä. Vereinzelt können auch Ki eingestreut werden. Bester Standort für die Buche, die gerade, lange Stämme bildet. Im dunklen Hallenwald kaum Möglichkeiten für Nebenbestand oder Unterwuchs, ausser mit Eibe. Befahrbarkeit der Hangneigung wegen meist eingeschränkt.;60-100% Laubholzanteil. Möglichkeiten tvom reinen Buchenwald über Bu-Es-BAh-Mischwälder bis zum Bu-Ta-Fi-Mischwald.;Ein differenziertes Femelschlagverfahren gewährleistet meist eine reichliche Naturverjüngung. Bu-Verjüngung unter Schirm, umfangreiche Kahlhiebe vermeiden. Vereinzelt angesamte Bu können über zehn Jahre ausharren, ohne ihre Entwicklungsfähigkeit einzubüssen.;"BAh, Es und BUl brauchen von der Dickungsphase an genügend Licht, da sie sonst von der Buche überwachsen werden; sie müssen auch später herausgepflegt werden, damit genügend grosse Kronen entstehen könen. Allfälligen eiben-Nebenbestand pflegen.";Gut wüchsiger Hallen-Buchenwald mit hohen, geraden Stämmen. Manchmal Tannen beigemischt. Krautschicht jedoch oft lückig und artenarm.;untermontan, 600-1200m;Schattige Lagen mit kühlem, etwas luftfeuchterem (montanem) Lokalklima.;Härtere Jura-Kalke, nicht zu lehmiger Gehängeschutt.;"BS: Bu, BAh, Es, Ta, BUl ; SS: - ; KS: Fiederblättrige zahnwurz, Wald-Schwingel, Bingelkraut, Waldmeister, Goldnessel, Sauerklee, Haselwurz, Gelappter Schildfarn";12S, 13a, 17, 19
12S;Feuchter Bingelkraut-/Zahnwurz-Buchenwald;Mercuriali-/Cardamino-Fagetum circaetosum/allietosum;Gesamtzuwachs und Höhenbonität gut. Baumartenwahl durch montanes Klima und Bodenfeuchtigkeit bestimmt: Es, BAh, Bu, BUl, Ta. Dieser Standort eignet sich (wie Nr. 11 in der submontanen Stufe) für die Produktion hochwertiger Edellaubhölzer. Die feuchten Böden nicht befahren.;80-100% Laubholzanteil. Spielraum vom BAh-Es-Bestand bis zum Laubholz-Ta-Mischwald. Nr. 12b besonders geeignet für Ta als Wertträger.;Der Bärlauchteppich im Frühling schränkt die Naturverjüngug im allgemeinen nicht ein.;BAh, Es, BUl in einzelmischung. Eschen frühzeitig und stark durchforsten.;Sehr wüchsiger Hallen-Buchenwald mit hohem Eschen-, Bergahorn- und Tannenanteil. Frühlingsaspekt meist vom Bärlauch bestimmt.;untermontan, 600-850m;Eher schattige Hänge und Hangfusslagen. Feuchte Böden in Zufuhrlagen, die für die Buche noch genügend durchlüftet sind. Feuchte, nährstoffreiche basenhaltige, teils vergleyte Braunerden.;Lehmreicher Gehängeschutt.;"BS: Bu, Es, BAh, BUl, (Ta) ; SS: Schwarzer Holunder ; KS: Bärlauch, Wald-Ziest, Ruprechtskraut, Hexenkraut, Bingelkraut, Wald-Schwingel, Gemeiner Wurmfarn";11, 12a 13a, 20
12e;Trockener Bingelkraut-/Zahnwurz-Buchenwald;Mercuriali-/Cardamino-Fagetum caricetosum albae;"Gesamtzuwachs und Höhenbonität mässig. Das montane Klima und die Bodentrockenheit bestimmen die Baumartenwahl: Bu, BAh, Fö, MBe; sowie Lä, SFö. Wegen der Steilheit oft nicht befahrbar.";60-100% Laubholzanteil. Möglichkeit vom Buchenwald bis zum Mischwald aus BAh, Fö und Lä. MBe berücksichtigen.;"Natürliche Verjüngung im Allgemeinen nicht schwierig; jedoch keine grossflächigen Schläge, damit Strauchschicht und Grasteppich nicht gefördert werden.";Bu nicht in Einzelmischung, damit sie die Lichtbaumarten nicht bedrängt. Unterwuchs und Nebenbestand fördern die biologische Bodenaktivität und verbessern das Bestandesklima.;"Mässig wüchsiger Buchenwald trockener Hänge. Wärmeliebende Bäume wie Eichen oder Kirschen fehlen; die Tanne ist dieser Standort zu trocken.";obermontan, 600-900m;Meist gut besonnte Hänge. Trockene Kalkböden (Böden wie bei Nr. 10a und 14a, Lokalklima etwas kühler).;Jura-Kalke;"BS: Bu, BAh, Fö, MBe ; SS: Seidelbast, Rote Heckenkirsche ; KS: Weisse Segge, Fiederblättriger Zahnwurz, Immenblatt, Bingelkraut, Schwalbenwurz, Strauchwicke, Straussblütige Margarite";10a, 14, 16, 18*
12w;Wechselfeuchter Bingelkraut-/Zahnwurz-Buchenwald;Mercuriali-/Cardamino-Fagetum caricetosum flaccae;"Gesamtzuwachs und Höhenbonität mässig. Das montane Klima und die Bodenwechseltrockenheit bestimmen die Baumartenwahl: Bu, BAh, Es, Fö, MBe; sowie Lä, SFö. Wegen der Steilheit oft nicht befahrbar.";60-100% Laubholzanteil. Möglichkeit vom Buchenwald bis zum Mischwald aus BAh, Fö und Lä. MBe berücksichtigen.;"Natürliche Verjüngung im Allgemeinen nicht schwierig; jedoch keine grossflächigen Schläge, damit Strauchschicht und Grasteppich nicht gefördert werden.";Bu nicht in Einzelmischung, damit sie die Lichtbaumarten nicht bedrängt. Unterwuchs und Nebenbestand fördern die biologische Bodenaktivität und verbessern das Bestandesklima.;Im Unterschied zu Nr. 12e dominieren oft die Schlaffe Segge oder die Fieder-Zwenke, manchmal Liguster-Teppiche.;untermontan, 600-900m;Meist gut besonnte Hänge. Wechseltrockene Kalkböden (Böden wie bei Nr. 10w, Lokalklima etwas kühler).;Jura-Kalke;"BS: Bu, BAh, Fö, MBe ; SS: Seidelbast, Rote Heckenkirsche ; KS: Weisse Segge, Fiederblättriger Zahnwurz, Immenblatt, Bingelkraut, Schwalbenwurz, Strauchwicke, Straussblütige Margarite";10a, 14, 16, 18*
13a;Typischer Linden-Buchenwald;Tilio-Fagetum typicum;Gesamtzuwachs und Höhenbonität gut bis mittel. Steinschlagschäden, oft knickige Stämme. Auf den Schuttböden eignen sich Bu, SLi, BAh, SAh, BUl als Hauptbaumarten, dazu an trockeneren Standorten TEi und Fö. Die SLi erreicht hier beachtliche Qualitäten und steht der Bu im Zuwachs nicht nach. Fi erträgt die Verletzungen durch Steinschlag schlecht. Befahren der steilen Hänge meist nicht möglich.;"Laubholzstandort; Ta und Fö nur vereinzelt.";Die natürliche Verjüngung der Laubbäume ist trotz des speziellen Bodens in kleinen Femelschlägen möglich. Der Schutzwaldcharakter dieser Standorte schliesst ein grossflächiges Vorgehen aus. Es kann auf extrem feinerdearmen Böden nötig sein, das Bestockungsziel über einen Vorwald mit Erlen anzustreben. Im Schutze des Vorwaldes samen sich dann die Baumarten des Schlusswaldes an.;Schuttstauende und steinschlagertragende Arten wie Li fördern.;Im Allgemeinen gut wüchsiger Buchenmischwald mit Linden, Eschen und Bergahorne an steilen Hängen und Schutthalden. Herunterkollernde Steine verletzen die Stämme. Oft Säbelwuchs.;untermontan 500-800m;Eher schattige, steile Hänge und Schutthalden unter Felsbändern. Frische Kalkschuttböden, mässig bewegt, noch buchenfähig.;Aktiver Gehängeschutt.;"BS: Bu, Es, BAh, SLi, SAh ; SS: Schwarzer Holunder ; KS: Fiederblättrige Zahnwurz, Bingelkraut, Christophskraut, Gründer Alpendost, Gelappter Schildfarn, Hirschzunge und andere Farne";12a, 13h, 22
13e;Trockener Linden-Buchenwald;Tilio-Fagetum caricetosum albae;"Wüchsigkeit und Höhenbonität mässig bis gering. Steinschlagschäden, oft knickige Stämme. Die Schutthalden und die Trockenheit erlauben SLi, WLi, BAh, Fö, TEi als Hauptbaumarten neben SAh, FAh, MBe, SFö; wobei auf die lokalen Bodenverhältnisse geachtet werden muss. Befahren meist unmöglich.";90-100% Laubholzanteil. Mögliche Ziele reichen vom Laubmischwald mit hohem Anteil an Li, SAh und anderen seltenen Baumarten bis zum Li-Bu-Mischwald.;Natürliche Verjüngung meist ausreichend bei kleinflächigen Femelhieben. Der Schutzwaldcharakter schliesst grossflächige Schläge aus. Seltenere Baumarten eventuell künstlich einbringen.;Schuttstauende und steinschlagertragende Arten wie Li fördern.;Mässig wüchsiger Buchenmischwald mit Linden. Kollernde Steine verletzen die Stämme. Oft Säbelwuchs. Wärmeliebende Kräuter und Trockenheitszeiger.;untermontan, 390-920m;Hänge unter Felsbändern mit herunterfalllenden Steinen. Trockene Kalkschutthalden, mässig bewegt, noch buchenfähig.;Aktiver Gehängeschutt.;"BS: Bu, SLi, BAh, Es, MBe ; SS: Gemeiner Kreuzdorn u.a. ; KS: Weisse Segge, Immenblatt, Bingelkraut, Frühlings-Platterbse, Stinkende Nieswurz";13a, 14, 16, 25*
13h;Typischer Alpendost-Buchenwald;Adenostylo-Fagetum typicum;Wüchsigkeit und Höhenbonität mittel. Steinschlagschäden. Baumartenwahl der Höhenlagen und des Schuttbodens wegen auf natürliche vorkommende Arten beschränkt: Bu, SLi, BAh, BUl, Ta. Befahren der Steilhänge meist unmöglich.;80-100% Laubholzanteil. Mischwald im Rahmen des natürlichen Baumartenangebots.;Natürliche Verjüngung meist ausreichend bei kleinflächigen Femelhieben. Der Schutzwaldcharakter schliesst grossflächige Schläge aus. Seltenere Baumarten eventuell künstlich einbringen.;Schuttstauende und steinschlagertragende Arten wie Li fördern.;Buchenwald mit Bergahorn an steilen Schutthängen, Säbelwuchs, Stammverletzungen durch herabkollernde Steine. Oft Hochstauden.;obermontan, 800-1000m;Schattige Hänge und Schutthalden unter Felsen. Frische, mässig bewegte, noch buchenfähige Kalkschuttböden.;Aktiver Gehängeschutt.;"BS: Bu, SLi, BAh, BUl ; SS: kaum vorhanden ; KS: Alpendost-Arten, Gelber Eisenhut, Weisse Pestwurz, Bingelkraut";13a, 18a, 20
13eh;Trockener Alpendost-Buchenwald;Adenostylo-Fagetum seslerietosum;Hauptbaumarten: Bu, SLi, BAh, MBe und Fö (diese Ausbildung trockener Schuttböden hat keine Bedeutung für die Holzproduktion).;80-100% Laubholzanteil. Vereinzelt Fö.;Möglichst keine Eingriffe, wenn die Schutzwirkung nicht gefährdet ist.;Schuttstauende und steinschlagertragende Arten wie Li fördern.;"Schlechtwüchsiger Buchenwald; Säbelwuchs und Stammverletzungen; einzelne Mehlbeerbäume und Föhren sind eingestreut. Neben Alpendost und anderen Montananzeigern kommen Blaugras und weitere Bodentrockenheitszeiger vor.";obermontan, 800-1000m;Trockene Kalkschutthalden unter Felsen, keine ausgesprochenen Schattenlagen.;Aktiver Gehängeschutt.;"BS: Bu, SLi, BAh, BUl ; SS: kaum vorhanden ; KS: Alpendost-Arten, Blaugras, Gelber Eisenhut, Weisse Pestwurz, Bingelkraut";13a, 18a, 21
14;Seggen-Buchenwald mit Weisssegge;Carici-Fagetum typicum;Gesamtzuwachs und Hohenbonität im Allgemeinen mässig. Das Baumartenangebot ist trotz der Bodentrockenheit gross: Bu, TEi, Fö, BAh, MBe, EBe, Li, FAh, SFö. SAh und Ki können mitgepflegt werden, wenn sie spontan auftreten. Die meisten Laubbäume sind eher geringer Qualität. Die wirtschaftlich interssanteste Baumart ist die Föhre, doch darf ihr Anteil den Laubbäumen gegenüber nicht zu hoch sein, da ihre Nadeln schlecht abgebaut werden. Tendenz zu dichter Strauch- und Krautschicht.;70-100% Laubholzanteil. Möglichkeiten vom reinen Laubmischwald bis zum Fö-Laubmischwald offen. Seltenere Laubhölzer berücksichtigen.;Natürliche Verjüngung im Allgemeinen für alle Arten möglich. Die oft dichte Strauchschicht behindert die Ansamung. Ein Nebenbestand kann die Strauchschicht sowie das Überhandnehmen von Gräsern und Seggen zurückdämmen. Im Allgemeinen ist eine kleinflächiges Vorgehen anzuraten.;"Bei der Jungwuchs- und Dickungspflege kann die Baumartenmischung reguliert werden; fördern von TEi, BAh, MBe, EBe u.a. Die Föhre kann übergehalten werden und so manchmal eine zweite Laubholzgeneration überdauern.";Mässig bis schlecht wüchsiger Buchenwald mit eingestreuten andern Laubhölzern und Waldföhren. Oft reiche Strauch- und Krautschicht. Teils grosse Flecken Blaugras vorhanden.;submontan, 300-800m;alle Expositionen ausser extremen Schattenhängen. Montane Stufe an stark besonnten Hängen. Skelettreiche Kalkböden, mässig tiefgründig (extrem warme Stellen) bis flachgründig, schnell austrocknend (Kalk-Rendzina).;Härtere Kalkgesteine.;"BS: Bu, TEi, Ki, MBe, BAh, Fö, Es ; SS: Wolliger Schneeball, Liguster, Feld-Rose, Gemeiner und Lorbeer-Seidelbast, Weissdorn, Schwarzdorn, Strauchwicke, Berberitze ; KS: Weisse Segge, Blaugras, Maiglöckchen, Straussblütige Margarite, Immenblatt, Gemeine Weisswurz, Graufilzige Schlüsselblume, Schwalbenwurz, Bingelkraut, Haselwurz, Frühlings-Platterbse, Vogelfuss-Segge";10a, 12*, 13e, 16, 38
15;Seggen-Buchenwald mit Bergsegge;Carici-Fagetum caricetosum montanae;Diese Waldgesellschaft ist selten. Ähnlich wie Nr. 14, allerdings treffen hier säure- und kalkzeigende Pflanzen in der Krautschicht zusammen. Diese seltener Standort nicht bewirtschaften. Wenn eingegriffen wird, dann zugunsten der vielfältigen Krautschicht und der Förderung von seltenen Baumarten und Eichen.;70-100% Laubholzanteil. Möglichkeiten vom reinen Laubmischwald bis zum Fö-Laubmischwald offen. Seltenere Laubhölzer berücksichtigen.;Natürliche Verjüngung im Allgemeinen für alle Arten möglich. Die oft dichte Strauchschicht behindert die Ansamung. Ein Nebenbestand kann die Strauchschicht sowie das Überhandnehmen von Gräsern und Seggen zurückdämmen. Im Allgemeinen ist eine kleinflächiges Vorgehen anzuraten.;"Bei der Jungwuchs- und Dickungspflege kann die Baumartenmischung reguliert werden; fördern von TEi, BAh, MBe, EBe u.a. Die Föhre kann übergehalten werden und so manchmal eine zweite Laubholzgeneration überdauern.";Mässig wüchsiger Buchenwald mit eingestreuten andern Laubhölzern und Waldföhren. Oft reiche Strauch- und Krautschicht.;submontan, 400-600m;süd- bis westexponierte, meist konvexe Hänge oder Kuppen. Skelettreiche, flachgründige, trockene Kalkböden, die jedoch oberflächlich entkalkt und ausgehagert sind. ;Reste von verwitterten Lehmen über härteren Malm- oder Trias-Kalkschichten.;"BS: Bu, TEi, Ki, MBe, EBe, Fö ; SS: Wolliger Schneeball, Liguster, Feld-Rose, Weissdorn, Schwarzdorn ; KS: Berg-Segge, Maiglöckchen, Gemeine Weisswurz, Schwalbenwurz, Wald-Habichtskraut, Weissliche Hainsimse, Frühlings-Platterbse, Finger-Segge";1, 6, 10a, 14, 38
16;Blaugras-Buchenwald;Seslerio-Fagetum;Zuwachs du Höhenbonität sehr gering. Stämme meist kurz und krumm. Standort nicht für die Holzproduktion geeignet. Oft Stockausschlagbestände (auch natürliche durch Verdorren der Stämme). Baumartenwahl im Rahmen des natürlichen Angebots: Bu, Fö, BAh, MBe, TEi. Die Trockenheit begünstigt Rohhumusbildung. In schttigeren Lagen auch natürliche Verjüngung von Fi, Ta und VBe.;80-100% Laubholzanteil. Bu-Bestand mit eingestreuten BAh, MBe, Fö. Eventuell nur extensiv oder gar nicht bewirtschaften.;Stockausschläge, natürliche Verjüngung gehemmt.;Zurückhaltende Durchforstung, eventuell auf Eingriffe verzichten.;Krüppeliger Buchenwald, in dem manchmal die Föhre beigemischt ist. Meist dominiert das Blaugras die Bodenvegetation. In schattigeren Lagen auch Eichenfarn, Gelappter Farnschild oder Grüner Alpendost vorhanden.;untermontan, 425-1000m;Kuppen- und Gratlagen, nicht zu schattige Steilhänge. Extrem flachgründige, noch buchenfähige Böden (Kalk-Rendzina). ;Harte Kalke, vor allem Hauptrogenstein und Muschelkalk.;"BS: Bu, Fö, MBe, BAh; in tieferen Lagen TEi ; SS: Strauchwicke, Alpen-Heckenkirsche, Alpen-Kreuzdorn ; KS: Blaugras, Bingelkraut, Wald-Habichtskraut, Hasenlattich, Berg-Distel, Niedliche und Rundblättrige Glockenblume, Eichenfarn, Gelappter Farnschild, Grüner Alpendost";13e, 14e, 14w, 38, 65
17;Eiben-Buchenwald / Steilhang-Bichenwald mit Reitgras;Taxo-Fagetum / Seslerio-Fagetum calamagrostietosum variae;"Wüchsigkeit und Höhenbonität mässig bis mittel, ebenso die Stammqualität, die aber stark variieren kann. Mögliche Baumarten: Bu, BAh, Fö, MBe, Es, Ta, Eib; Fi, sofern sie natürlich ansamt. Die Steilheit der Hänge verhindert das Befahren.";Die wenigen Flächen im Kanton sollten als Naturwald belassen und zurückhaltend bewirtschaftet werden.;Die Eibe wir regelmässig vom Reh verbissen und kann sich deshalb nicht verjüngen. Die natürliche Verjüngung der übrigen Baumarten bereitet keine Probleme.;Zurückhaltende Durchforstung, Förderung der Eibe.;Ziemlich wüchsiger Steilhang-Buchenwald, häufig mit Eiben unter dem Schirm der Buchen. Am Boden Wechsel von wenige bewachsenen Stellen mit dichten Pflanzenteppichen, je nach Lichteinfall (Setienlicht).;submontan, 700-920m;Meist eher schattige Steilhänge. Mergelige, wechselfeuchte Kalkböden (Mergel-Rendzina). Der Steilheit wegen sammelt sich die Laubstreu oft in Taschen an. ;"Mergelreiche Schichten, zum Beispiel Effinger Schichten; auch stabilisierter lehmiger Gehängeschutt.";"BS: Bu, BAh, Es, MBe, Ta; Eibe (meist im Unterholz) ; SS: Gemeiner Seidelbast ; KS: Berg-Flockenblume, Alpenmasslieb, Bingelkraut, Waldmeister, Wald-Segge, Wald-Schlüsselblume, Wald-Schwingel, Bundtes Reitgras, Schlaffe Segge";12a, 12w, 14, 18
18;Typischer Tannen-Buchenwald;Abieti-Fagetum typicum;Gesamtzuwachs und Höhenbonität gut. Im momentanen Klima besteht das Angebot an Baumarten aus Bu, Ta, Fi, die schöne Stammformen bilden, sowie BAh, BUl, Es, VBe. Stufige Baestandesstruktur ist möglich und erwünscht. Befahrbarkeit durch die Steilheit der Hänge eingeschränkt. Schnee bleibt lange liegen.;40-100% Laubholzanteil. Möglichkeiten vom Bu-Bestand mit BAh bis zum stufigen Bu-Ta-Fi-Mischwald offen.;Naturverjüngung ohne Schwierigkeiten, femelschlag- oder plenterartig. Plenterung ist möglich, wenn der Wildbestand nicht zu gross ist. Grössere Fi-Anteile durch Pflanzung.;In der Jugendphase muss in Mischbeständen zugunsten der Nadelhölzer eingegriffen werden, da Bu sonst überhand nimmt. Die Konkurrenz der Hauptbaumarten ist so stark, dass die übrigen Baumarten nur bei grossem Pflegeaufwand gute Holzqualität erreichen.;Gut wüchsiger Tannen-Buchenmischwald. Die Krautschicht kann lückig oder fast geschlossen sein. Oft fällt der Graue Alpendost auf.;obermontan, 750-1169m;Schattige Hänge ab etwa 800m ü. M. Frische basenreiche Böden, die oberflächlich entkarbonatet sind (basenreiche Braunerde, verbraunte Rendzinen).;Malm- und Dogger-Schichten.;"BS: Bu, Ta, BAh, BUl, Es, VBe,  (Fi) ; SS: Heckenkirschen-Arten, Schwarzer Holunder ; KS: Grauer Alpendost, Wald-Schwingel, Gemeiner Waldfarn, Wurmfarn-Arten, Goldnessel, Bingelkraut, Sauerklee; die Quirlblättrige Weisswurz ist im Kanton selten ";12a, 20
18*;Karbonat-Tannen-Buchenwald mit Weisssegge;Adenostyle glabrae-Abieto-Fagetum caricetosum albae;"Gesamtzuwachs und Höhenbonität mässig. Das montane Klima und die Bodentrockenheit bestimmen die Baumartenwahl: Bu, BAh, Fö, MBe; sowie Lä, SFö. Wegen der Steilheit oft nicht befahrbar.";60-100% Laubholzanteil. Möglichkeit vom Buchenwald bis zum Mischwald aus BAh, Fö und Lä. MBe berücksichtigen.;"Natürliche Verjüngung im Allgemeinen nicht schwierig; jedoch keine grossflächigen Schläge, damit Strauchschicht und Grasteppich nicht gefördert werden.";Bu nicht in Einzelmischung, damit sie die Lichtbaumarten nicht bedrängt. Unterwuchs und Nebenbestand fördern die biologische Bodenaktivität und verbessern das Bestandesklima.;Mässig wüchsiger Buchenwald mit beigemischeten Tannen und Mehlbeeren. In der Krautschicht neben den Arten des Typischen Tannen-Buchenwaldes Trockenheitszeiger wie Weisse Segge und Schwalbenwurz.;obermontan, 750-1169m;Südhänge und Kuppen mit trockenen Böden (entsprechend Nr. 12* in der untermontanen Stufe).;Malm- und Dogger-Schichten.;"BS: Bu, Ta, BAh, BUl, Es, VBe,  (Fi) ; SS: Heckenkirschen-Arten, Schwarzer Holunder ; KS: Grauer Alpendost, Wald-Schwingel, Gemeiner Waldfarn, Wurmfarn-Arten, Goldnessel, Bingelkraut, Sauerklee; die Quirlblättrige Weisswurz ist im Kanton selten ";12a, 12e, 21
19;Typischer Waldsimsen-Tannen-Buchenwald;Luzulo-Abieti-Fagetum typicum;Gesamtzuwachs und Höhenbonität mittel bis gut. Mögliche Hauptbaumarten sind Bu, Ta, Fi, daneben BAh, VBe. Stufiger Bestandesaufbau möglich. Stärkere Tendenz der oberflächlichen Bodenversauerung als bei 18a, inbesondere unter Fi.;40-100% Laubholzanteil. Ziele möglich vom Bu-Bestand bis zum stufigen Ta-Fi-Bu-Mischbestand.;Die natürliche Verjüngung kann lokal durch Heidelbeer-Teppiche verhindert werden. Sonst ist die natürliche Verjüngung gut.;In Mischbeständen ist Plenterung möglich. BAh zur Bodenpflege fördern.;Ziemlich wüchsiger Tannen-Buchenwald mit eher lückiger Krautschicht.;obermontan, 800-1050m;Meist eher schwach geneigte Hänge. Versauerte, oft lehmige Böden.;Effinger und Lias-Mergel, Gips-Keuper.;"BS: Bu, Ta, VBe ; SS: wenig entwickelt ; KS: Wald-Hainsimse, Heidelbeere, Sauerklee, Hasenlattich, Waldmeister";16, 18
20;Hochstauden-Tannen-Buchenwald;Adenostylo alliariae-Abieti-Fagetum typicum;Gesamtzuwachs und Höhenbonität sehr hoch. Haputbaumarten sind Bu, BAh, Ta, die schöne Stämme bilden, daneben Es, Fi, BUl und VBe. Die nassen Böden schränken die Wurzeltiefe von Fi und Bu ein.;50-100% Laubholzanteil. Vom Laubmischwald mit vorherrschendem BAh nis zum Ta-Bu-BAh-Mischwald mit eingestreuter Fi ist alles möglich.;Natürliche Verjüngung oft durch die üppige Krautschicht erschwert.;BAh fördern (starke Konkurrenz);Gut wüchsiger Tannen-Buchenwald in schattigen Lagen. Üppige Krautschicht mit Bärlauch, Farnen und Hochstauden.;obermontan, 800-1100m;Schattige Zufuhr- und Hangfusslagen mit feuchten, nährstoffreichen Böden (basenreiche Braunerden, etwas vergleyt).;"Lehmiger Gehängeschutt; Effinger Mergel, Lias, Keuper.";"BS: Bu, Ta, BAh ; SS: Schwarzer Holunder ; KS: Bärlauch, Grauer Alpendost, Gemeiner Waldfarn, Wurmfarn-Arten, Wald-Schlüsselblume, Wolliger Hahnenfuss";18, 26h
22;Hirschzungen-Ahornwald;Phyllitido-Aceretum;In der Regel kein Wirtschaftswald. Mittlere Wuchsleistung. Baumartenwahl im Rahmen des natürlichen Baumartenangebots: BAh (schöne Stämme), SLi, daneben Es und BUl. Oft Stockausschläge. Nicht befahrbar.;Laubmischwald mit herrschendem Bergahorn.;Die natürliche Verjüngung erfolgt ohne Schwierigkeiten, aber langsam.;Zurückhaltende Eingriffe (Nutzung einzelner Bäume), eventuell nur zur Förderung der Verjüngung, oder ganz darauf verzichten.;"Ziemlich wüchsiger Bergahornwald mit Sommerlinden und einzelnen Eschen auf Blockschutthängen. Stammverletzungen durch herabkollernde Steine; Stockausschläge. Unterwuchs kaum vorhanden. Die Krautschicht wird durch die Hirschzunge und andere Farne in ihrem Aussehen bestimmt. Oft Mosaik mit Nr. 13.";submontan bis obermontan, 450-1000m;Schattige Schutthalden unter Felsen. Blockschuttböden, auf denen die Buche nicht wachsen kann. Zwischen den Steinen Hohlräume, aber auch Taschen mit viel Feinerde.;Aktiver Gehängeschutt.;"BS: BAh, Es, SLi, BUl ; SS: Schwarzer Holunder, Rote Heckenkirsche ; KS: Hirschzunge, Wurmfarn-Arten, Gelappter Schildfarn, Moos-Nabelmiere, Ruprechtsfarn, Ruprechtskraut, Bingelkraut, Mondviole";13a, 25*
22C;Lerchensporn-Ahornwald;Corydalido-Aceretum;Gesamtzuwachs und Höhenbonität gut. Baumartenangebot: BAh, Es, BUl, SLi, Ki.;Die seltenen Bestände im Kanton sollten als Naturwald belassen werden und sehr zurückhaltend oder gar nicht bewirtschaftet werden.;Durch die dichte Krautschicht erschwert.;Eventuell zurückhaltende Einzelbaumnutzung zu Förderung der Verjüngung.;Gut wüchsiger Bergahornwald. Im Frühling üppige Krautschicht mit Frühblühern.;submontan bis untermontan, 325-420m;Hänge in kühlen Lagen. Tiefgründige, feuchte Feinschuttböden mit hoher biologischer Aktivität (Stellung zwischen 22 und 26);Kalkreicher Feinschutt.;"BS: BAh, Es, SLi ; SS: Hasel, Schwarzer Holunder ; KS: Lerchensporn, Märzenglöckchen, Einbeere, Bisamkraut, Aronstab, Goldnessel, Bingelkraut, Bärlauch, Fiederblättrige Zahnwurz, Geissfuss";22
25*;Ahorn-Lindenwald / Trockener Turinermeister-Lindenwald;Aceri-Tilietum / Asperulo taurinae-Tilietum tametosum;"Wüchsigkeit schlecht bis mässig. Die schlechtwüchsigeren Bestände sind nicht für die Holzproduktion geeignet. Nutzen als Steinschlag- und Erosionsschutz. Säbelwuchs, Steinschlagschäden; oft Stockausschläge. Baumarten; SLi, WLi, BAh, SAh, TEi, MBe und eventuell Fö. Meist nicht befahrbar.";Li-Mischwald mit eingestreuten Edellaubbäumen in unterschiedlicher Zusammensetzung. Schutzwald. Eventuell nur extensiv oder gar nicht bewirtschaften.;Die Bodenverhältnisse erschweren die natürliche Ansamung. Kleinflächiges Vorgehen ist angezeigt, um die Sträucher nicht zu sehr zu begünstigen.;Kleinflächige Niederwaldnutzung kann die Schutzfunktion gegen Steinschlag stützen, da so Stockausschlagbestände mit hohen Stammzahlen entstehen.;"Mässig wüchsiger Linden-Mischwald an sonnigen, warmen Schutthängen. Strauchschicht oft gut entwickelt, Krautschicht manchmal lückig und artenarm; oft fällt die Schmerwurz auf, die über den Schutt kriecht.";collin bis untermontan, 400-800m;West-, ost- oder südexponierte Schutthalden unter Felsen. Bewegte, trockene Kalkschuttböden, auf denen die Buche schlecht wachsen kann.;Aktiver Hangschutt.;"BS: SLi, Es, SAh, BAh, MBe ; SS: Hasel, Roter Hornstrauch, Wolliger Schneeball, Berberitze, Schwarzdorn, Weissdorn-Arten, Strauchwicke, Feld-Rose ; KS: Schmerwurz, Maiglöckchen, Bingelkraut, Turm-Gänsekresse, Immenblatt, Breitblättriges Laserkraut, Waldmeister, Gemeine Weisswurz, Schwalbenwurz";13e, 16, 22, 38
26;Ahorn-Eschenwald;Aceri-Fraxinetum;"Gesamtzuwachs und Höhenbonität sehr gut. Bester Standort für nässeertragende Edellaubbäume, die hier Stämme von bester Qualität liefern. Fi werden grobastig, rotfaul und sind nicht standfest; deshalb sollte den Laubhölzern der absolute Vorrang gegeben werden. Baumarten: Es, BAh, SEi, Ki, BUl; an nässeren Stellen auch SEr, TKi und HBu im Nebenbestand. In besonderen Fällen kann als vorübergehende Bestockung mit sehr kurzer Umtriebszeit (Vorwald, Abschirmung) As verwendet werden. Die Es erreicht ihr Nutzungsalter vor BAh und SEi. Befahren verdichtet die nassen Lösslehmböden stark und sollte unterlassen werden.";"Edellaub-Mischwälder; reine Es-oder SEi-Bestände.";Natürliche Verjüngung problemlos. Zu lange Verjüngungszeiträume können dem Aufwachsen einer üppigen Krautschicht Vorschub leisten. Es braucht mehr Licht als BAh, aber weniger als SEi. Letztere soll nur auf grösseren Flächen verjüngt werden. Unterschiedlicher Lichtbedarf und Wachstumsverlauf verlangen ein differenziertes Vorgehen und eine überlegte Wahl von Mischart und -form.;Edellaubbäume benötigen intensive Pflege und regelmässige Durchforstungen, insbesondere in der Jugend. Durch Frost, Wildverbiss oder Eschenkrebs geschädigte und schlecht geformte Es und BAh können bis in die schwache Stangenholzphase ohne Nachteil auf den Stock gesetzt werden, da die neuen Stockausschläge schon im ersten Jahr die Krautschicht durchwachsen und sich später von Kernwüchsen kaum unterscheiden lassen.;Sehr wüchsiger, hochstämmiger Laubmischwald mit teils üppiger Bodenvegetation.;submontan bis untermontan, 300-850m;"Tal- und Hangfusslagen. Nährstoffreiche, kalkarme, im Unterboden vernässte Böden (zu nass für Buche); Oberboden mit Mullhorizont, zeitweise gut durchlüftet, Bodenleben sehr aktiv (vergleyte Braunerde).";Verschwemmte Lösslehme, lehmiger Gehängeschutt.;"BS: Es, BAh, SEi, BUl, Ki ; SS: Hasel, Pfaffenhütchen, Gemeiner Schneeball, Hornstrauch, Liguster, TKi ; KS: Brustwurz, Hexenkraut, Lockerährige und Überhängende Segge, Wald-Gilbweiderich, Wald-Ziest, Lungenkraut, Bingelkraut, Aronstab, Horstbildende Schmiele, Riesen-Schwingel, Kriechender Günsel";7S, 11, 27, 29, 30
26h;Ahorn-Eschenwald, Höhenausbildung;Aceri-Fraxinetum, Höhenausbildung;Hier ist ein Teilbestand von Ta möglich.;Beimischung von bis zu 20% Ta möglich.;Natürliche Verjüngung problemlos. Zu lange Verjüngungszeiträume können dem Aufwachsen einer üppigen Krautschicht Vorschub leisten. Es braucht mehr Licht als BAh, aber weniger als SEi. Letztere soll nur auf grösseren Flächen verjüngt werden. Unterschiedlicher Lichtbedarf und Wachstumsverlauf verlangen ein differenziertes Vorgehen und eine überlegte Wahl von Mischart und -form.;Edellaubbäume benötigen intensive Pflege und regelmässige Durchforstungen, insbesondere in der Jugend. Durch Frost, Wildverbiss oder Eschenkrebs geschädigte und schlecht geformte Es und BAh können bis in die schwache Stangenholzphase ohne Nachteil auf den Stock gesetzt werden, da die neuen Stockausschläge schon im ersten Jahr die Krautschicht durchwachsen und sich später von Kernwüchsen kaum unterscheiden lassen.;Gut wüchsiger Bergahorn-Eschenwald mit üppiger Bodenvegetation. Grauer Alpendost und andere Hochstauden dominieren.;obermontan, 750-1050m;Tritt in der obermontanen Stufe an Stelle von 26f. Lage und Boden wie dort, Klima aber kühler.;Schwemmlehme, lehmiger Gehängeschutt.;"BS: Es, BAh, SEi, BUl, Ki ; SS: Hasel, Pfaffenhütchen, Hornstrauch, Liguster, Schneeball-Arten ; KS: Geissfuss, Brustwurz, Wald-Ziest, Überhängende Segge, Lungenkraut, Bingelkraut, Aronstab, Horstbildende Schmiele";7S, 11, 27
27;Bach-Eschenwald;Carici remotae-Fraxinetum;Gesamtzuwachs und Höhenbonität sehr hoch. Baumarten: Es, SEr, BAh. Eschen bilden sehr schöne Stämme, wenn sie einander nicht zu stark konkurrenzieren. Sie bedrängen auch die anderen Bäume. Teils TKi im Nebenbestand. Nadelhölzer ungeeignet. In besonderen Fällen kann als vorübergehende Bestockung mit sehr kurzer Umtriebszeit (Vorwald, Abschirmung) As verwendet werden. Befahren stark erschwert oder unmöglich.;Eschenwald mit unterschiedlichen Anteilen von Ser, BAh und Ta. Kleine, typische Flächen, insbesondere Bestände an quelligen Stellen, als Schutzwald nur extensiv oder überhaupt nicht nutzen.;Naturverjüngung ohne Probleme. Es-Jungwüchse möglichst frühzeitig zu vollem Lichtgenuss kommen lassen.;Siehe 26a. In kleinen Quellwäldern nur sehr zurückhaltend oder überhaupt nicht eingreifen.;Meist schmale, kleinflächige, sehr wüchsige Eschenbestände entlang von Bächen oder an quelligen Stellen. Oft mit Riesen-Schachtelhalm.;submontan und untermontan, 300-800m;Bachufer und quellige Stellen, nasse Gleyböden. Kalkarme Böden im Bereich der Deckenschotter.;Schwemmlehme.;"BS: Es, SEr, BAh ; SS: Liguster, Pfaffenhütchen, Hasel ; KS: Riesen-Schachtelhalm, Dotterblume, Lockerährige Segge, Wasser-Minze, Spierstaude, Brustwurz, Bitteres Schaumkraut";26
27h;Bach-Eschenwald, Höhenausbildung;Carici remotae-Fraxinetum, Ausbildung mit Petasites albae;"Gesamtzuwachs und Höhenbonität sehr hoch. Baumarten: Es, SEr, BAh; zusätzlich Ta möglich. Eschen bilden sehr schöne Stämme, wenn sie einander nicht zu stark konkurrenzieren. Sie bedrängen auch die anderen Bäume. Teils TKi im Nebenbestand. Nadelhölzer ungeeignet. In besonderen Fällen kann als vorübergehende Bestockung mit sehr kurzer Umtriebszeit (Vorwald, Abschirmung) As verwendet werden. Befahren stark erschwert oder unmöglich.";Bis zu 20% Tanne möglich.;Naturverjüngung ohne Probleme. Es-Jungwüchse möglichst frühzeitig zu vollem Lichtgenuss kommen lassen.;Siehe 26a. In kleinen Quellwäldern nur sehr zurückhaltend oder überhaupt nicht eingreifen.;Meist schmale, kleinflächige, sehr wüchsige Eschenbestände entlang von Bächen oder an quelligen Stellen. Der Graue Alpendost und andere Hochstauden sowie der Wald-Schachtelhalm prägen oft die Bodenvegetation.;obermontan, 800-1000m;Tritt in der obermontanen Stufe an stelle von 27f. Lage und Boden wie dort, Klima aber kühler.;Schwemmlehme.;"BS: Es, SEr, BAh ; SS: Liguster, Pfaffenhütchen, Hasel ; KS: Riesen-Schachtelhalm, Dotterblume, Lockerährige Segge, Wasser-Minze, Spierstaude, Brustwurz, Bitteres Schaumkraut";26h
29;Ulmen-Eschen-Muldenwald;Ulmo-Fraxinetum typicum;"Gesamtzuwachs und Höhenbonität sehr gut. Baumartenwahl unter den standortsheimischen Baumarten: Es, SEi, BAh, Ki, SAh; HBu, FAh und TKi im Nebenbestand. Nadelhölzer ungeeignet. Das Befahren verdichtet die nassen Lösslehmböden stark und sollte unterlassen werden.";Edellaub-Mischwald, reine Es- oder SEi-Bestände möglich.;Natürliche Verjüngung problemlos. Zu lange Verjüngungszeiträume können dem Aufwachsen einer üppigen Krautschicht Vorschub leisten. Es braucht mehr Licht als BAh, aber weniger als SEi. Letztere soll nur auf grösseren Flächen verjüngt werden. Unterschiedlicher Lichtbedarf und Wachstumsverlauf verlangen ein differenziertes Vorgehen und eine überlegte Wahl von Mischart und -form.;Edellaubbäume benötigen intensive Pflege und regelmässige Durchforstungen, insbesondere in der Jugend. Durch Frost, Wildverbiss oder Eschenkrebs geschädigte und schlecht geformte Es und BAh können bis in die schwache Stangenholzphase ohne Nachteil auf den Stock gesetzt werden, da die neuen Stockausschläge schon im ersten Jahr die Krautschicht durchwachsen und sich später von Kernwüchsen kaum unterscheiden lassen.;"Sehr wüchsiger Eschenmischwald; Unterholz reich an Traubenkirsche (Lösslehmmulden) und Nährstoffzeigern (Auenwälder).";submontan, 200-420m;"Zwei deutlich verschiedene Standortstypen: 1) Flache Mulden mit zeitweilig vernässten, eher nährstoffreichen Lehmböden. 2) Auengebiet entlang der Flüsse, oberer Bereiche der Hartholzau; heute werden die übriggebliebenen schmalen Streifen kaum noch überschwemmt.";"1) Lösslehm; 2) Junge Flussalluvionen.";"BS: Es, BAh, SEr, SEi ; SS: TKi, Pfaffenhütchen, Schwarzer Holunder, Hornstrauch, Wald-Geissblatt ; KS: Brustwurz, Horstbildende Schmiele, Gundelrebe, Gemeine Nelkenwurz, Wald-Segge, Hexenkraut, Kriechender Günsel, Wald-Ziest, Scharbockskraut, Wald-Schlüsselblume, Lungenkraut";Ausbildung auf Lösslehm zu 7S
30;Traubenkirschen-Eschenwald;Pruno-Fraxinetum;Zuwachs und Höhenbonität sehr gut. Die Nässe schränkt die Baumartenwahl auf Es und SEr sowie TKi ein. Kein Wirtschaftswald im eigentlichen Sinn. Die nassen, weichen Böden sind nicht befahrbar.;Der Seltenheit der Waldgesellschaft wegen sollten möglichst natürliche Bestände angestrebt werden.;Natürliche Verjüngung problemlos. Zu lange Verjüngungszeiträume können dem Aufwachsen einer üppigen Krautschicht Vorschub leisten. Es braucht mehr Licht als BAh, aber weniger als SEi. Letztere soll nur auf grösseren Flächen verjüngt werden. Unterschiedlicher Lichtbedarf und Wachstumsverlauf verlangen ein differenziertes Vorgehen und eine überlegte Wahl von Mischart und -form. Zurückhaltende oder überhaupt keine Eingriffe.;Edellaubbäume benötigen intensive Pflege und regelmässige Durchforstungen, insbesondere in der Jugend. Durch Frost, Wildverbiss oder Eschenkrebs geschädigte und schlecht geformte Es und BAh können bis in die schwache Stangenholzphase ohne Nachteil auf den Stock gesetzt werden, da die neuen Stockausschläge schon im ersten Jahr die Krautschicht durchwachsen und sich später von Kernwüchsen kaum unterscheiden lassen. Zurückhaltende oder überhaupt keine Eingriffe.;Sumpfiger Schwarzerlen- und Eschenwald mit üppiger Bodenvegetation.;submontan bis untermontan, 300-400m;Flache Mulden und Tälchen. Boden bis nahe an die Oberfläche andauernd vernässt und manchmal überschwemmt, schlecht durchlüftet (Gley).;Verschwemmte Lösslehme.;"BS: Es, SEr, BAh ; SS: TKi, Pfaffenhütchen, Liguster, Gemeiner Schneeball, Hornstrauch ; KS: Sumpf-Segge, Lockerährige und Dünnährige Segge, Sumpf-Baldrian, Dotterblume, Schachtelhalm-Arten";26, 27, 29
35A;Aronstab-Eichenmischwald;Stellario-Carpinetum;"Gesamtzuwachs und Höhenbonität mittel. Baumarten: TEi, SEi, Ki, Es, SAh; evtl. Nu, Ro, im Nebenbestand HBu, FAh, WLi. Fö kann vereinzelt mitgepflegt werden. Befahrbarkeit nur bei nassem Boden eingeschränkt.";90-100% Laubholzanteil. Ei-HBu-Wald, die übrigen Baumarten eingestreut. Diese Ausbildung des Eichen-Hagenbuchenwaldes ist in der Schweiz einmalig und muss als solche mit der typischen Krautschicht möglichst vollständig erhalten bleiben.;Naturverjüngung gut möglich.;Feine Eingriffe um lichtbedürftige Eichenbestände zu fördern.;Ziemlich bis mässig wüchsiger Laubmischwald. Schon im März zieren bunte Teppiche von Frühjahrsblühern den Waldboden. Im Sommer artenarmer Aspekt mit viel Efeu.;collin, 200-230m;Ehemalige Auenböden mit viel Humus und Schwarzwaldschotter bis an die Oberfläche. Sie sind im Frühling frisch, trocknen im Sommer jedoch stark aus. Der Grundwasserspiegel liegt tief und reicht nur an sehr wenigen Stellen bis in den Bereich der Baumwurzeln. Vor der Flussbegradigung (Rhein) waren die Flächen zum grösseren Teil noch echte Auenwälder, die zum Teil regelmässig überschwemmt wurfden. Nur kleine Flächen an Terrassenkanten waren wahrscheinlich so trocken wie heute.;Rheinschotter, verlehmte Kalk-Schotterböden;"BS: Li, SEi, SAh, Es, HBu, Ki ; SS: Hasel, Weissdorn-Arten, Liguster, Pfaffenhütchen ; KS: Efeu, Gelbes und Weisses Buschwindröschen, Festknolliger Lerchensporn, Bisamkraut (Moschuskraut), Scharbockskraut, Gold-Hahnenfuss, Goldnessel, Efeublättriger Ehrenpreis, Aschersons Knäuelgras, Aronstab, Brombeere, Bärlauch, Bingelkraut, Lungenkraut, Pyrenäen-Milchstern, Süsse Wolfsmilch, Blaustern ";
38;Turmkressen-Flaumeichenwald;Arabidi turritae-Quercetum pubescentis;Wüchsigkeit sehr gering. Eignet sich nicht für die Holzproduktion. Von Bedeutung als artenreicher, lichter Eichenwald in meist exponierter Lage für Naturschutz und Landschaftsbild. Eingriffe höchstens als kleinflächige Auflichtungen zu Begünstigung der Verjüngung sowie des Artenreichtums von Kraut- und Strauchschicht.;Flaumeichenbestände erhalten und fördern.;Verjüngung aufgrund trockener und exponierter Lagen schwierig.;Flaumeichen nach Bedarf fördern, ansonsten keine Eingriffe vornehmen.;Lichter Eichenbuschwald auf Felsköpfen, trockenen Graten und warmen Sonnenhängen mit reicher Strauch- und Krautschicht. Die Eichen sind häufig Flaumeichen mit etlichen Traubeneichen-Merkmalen. Zusätzlich meist noch Mehlbeere und Föhre vorhanden.;collin bis submontan, 350-800m;Warme, besonnte Geländekanten oder Steilhänge. Extrem trockene, flachgründige Kalkböden mit etwas Trocken-Rohhumus (trockene Kalk-Rendzina). Trockene, sehr sonnige Kalkschutthalden, Schuttschicht über dem Felsuntergrund wenig mächtig.;Harte Kalkgesteine (Malm, Dogger, Muschelkalk);"BS: FEi, TEi, MBe, Fö, Es, Birn- und Apfelbaum ; SS: Felsenmispel, Strauchwicke, Gemeiner und Alpen-Kreuzdorn, Felsenkirsche, Liguster, Wolliger Schneeball ; KS: Ästige Graslilie, Fieder-Zwenke, Weisse Segge, Braunrote Sumpfwurz, Edel-Gamander, Schwalbenwurz, Breitblättriges Laserkraut, Dost";14, 16, 65
39;Kronwicken-Eichenwald;Coronillo coronatae-Quercetum;Wüchsigkeit sehr gering. Eignet sich nicht für die Holzproduktion. Von Bedeutung als artenreicher, lichter Eichenwald in meist exponierter Lage für Naturschutz und Landschaftsbild. Eingriffe höchstens als kleinflächige Auflichtungen zu Begünstigung der Verjüngung sowie des Artenreichtums von Kraut- und Strauchschicht.;Flaumeichenbestände erhalten und fördern.;Verjüngung aufgrund trockener und exponierter Lagen schwierig.;Eichen nach Bedarf fördern, ansonsten keine Eingriffe vornehmen.;Die Reinacher Buschwälder sind Pionierbestände. Sie sind nicht typisch ausgebildet und in letzter Zeit stark in ihrer Entwicklung gestört worden.;colline Stufe, 260-290m;Trockene Schotterböden in warmem Klima.;Harte Kalkgesteine (Malm, Dogger, Muschelkalk);"BS: FEi, TEi, MBe, Fö, Es, Birn- und Apfelbaum ; SS: Felsenmispel, Strauchwicke, Gemeiner und Alpen-Kreuzdorn, Felsenkirsche, Liguster, Wolliger Schneeball ; KS: Ästige Graslilie, Fieder-Zwenke, Weisse Segge, Braunrote Sumpfwurz, Edel-Gamander, Schwalbenwurz, Breitblättriges Laserkraut, Dost";14, 16, 66
44;Seggen-Schwarzerlenbruchwald;Carici elongatae-Alnetum glutinosae;Die zwei Flächen dieser Waldgesellschaft im Kanton BL sollten möglichst unbeeinflusst gedeihen können und nicht für die Holzproduktion genutzt werden. Wasserhaushalt nicht verändern. Höchstens einzelne Stämme entfernen.;Waldgesellschaft erhalten.;Aufgrund des bodenbedeckenden Moosschicht teils schwierig.;Höchstens einzelne Bäume zur Förderung spezifischer Bäume entnehmen.;Erlen-Sumpfwald mit lückiger Krautschicht.;submontan bis untermontan, 390-400m;Meist überschwemmte Mulden;Schwemmlehme;"BS: SEr ; SS: Faulbaum ; KS: Sumpf-Segge, Sumpf-Labkraut, Blutweiderich ; MS: Torfmoose";
48;Blockschutt-Tannen-Fichtenwald;Asplenio-Abieti-Piceetum;In der Regel kein Wirtschaftswald. Infolge des kleinflächigen Wechsels der Standortsbedingungen unterschiedliche Wüchsigkeit (mittel bis gut). Fi mit schlanken, geraden Stämmen. Daneben Ta, Bu, VBe. Stufige Bestände möglich. Der Rohhumus ist Voraussetzung für das Bestehen der im Kanton seltenen, säurezeigenden montanen Pflanzen (Bärlapp, gewisse Moosarten). Nicht befahrbar.;Stufiger Mischwald mit vorherrschender Fi. Verzicht auf Bewirtschaftung prüfen.;Naturverjüngung der Fichte  auf Rohhumus ohne Probleme, für die anderen Baumarten etwas schwieriger.;Wenn nicht auf die Bewirtschaftung verzichtet wird, mit Plenterhieben stufigen Bestand anstreben.;Fichten-Tannenmischwald auf Blockhalden. Zwischen den Blöcken dicke federnde Schichten von Rohhumus. Die Moosschicht ist auffällig gut entwickelt.;untermontan bis hochmontan, 350-1050m;Hänge mit stabilem, grobem Blockschutt. Fleckenweise dicke Rohhumusschicht.;Grober Kalkschutt;"BS: Fi, Ta, (Bu, BUl, MBe, VBe) ; SS: Vogelbeere, Brombeere, Alpen-Hagrose ; KS: Heidelbeere, Bärlapp-Arten, Eichen- und Ruprechtsfarn, Gemeine Goldrute, Breiter Wurmfarn, Sauerklee, Wald-Habichtskraut ; MS: Etagenmoos, Rotstengelmoos, Widenton, Gabelzahnmoos, Torfmoos u.a.";13a, 16, 22
62;Orchideen-Föhrenwald;Cephalanthero-Pinetum;Wüchsigkeit sehr gering. Nicht für die Holzproduktion geeignet. Nicht befahrbar bei nassem Boden, oft auch nicht der Hangneigung wegen.;Fö-Wald mit beigemischten MBe und BAh. In den meisten Fällen sollte die Schutzfunktion im Vordergrund stehen. An gewissen Orten ist eine Auflichtung für die Erhaltung gewisser lichtliebenden Krautarten nötig.;An offenen Stellen kann sich die Fö gut verjüngen.;Nur Eingriffe, die auf die Schutzfunktion ausgerichtet sind.;Schlecht wüchsiger Föhrenwald, oft mit vielen Mehlbeerbäumen und einzelnen schwachen Buchen. Bodenvegetation oft von Gräsern beherrscht.;submontan bis untermontan, 500-1000m;Vorallem südexponierte Hänge. Stark wechseltrockene Mergelböden, auf denen die Wasserverhältnisse für die Buche zu extrem wechseln. ;Mergelreiche Schichten (Jura und Trias).;"BS: Fö, MBe, (Bu, BAh) ; SS: Liguster, Wolliger Schneeball, Hornstrauch, Weissdorn, Feld-Rose ; KS: Waldmeister, Ästige Graslilie, Fieder-Zwenke, Buntes Reitgras, Pfeifengras, Gebräuchliche Betonie, Dost, Breitblättriges Laserkraut; an offenen Stellen oft auch Orchideen";10w, 14w
61;Pfeifengras-Föhrenwald;Molinio-Pinetum sylvestris;Wüchsigkeit sehr gering. Nicht für die Holzproduktion geeignet. Nicht befahrbar bei nassem Boden, oft auch nicht der Hangneigung wegen.;Fö-Wald mit beigemischten MBe und BAh. In den meisten Fällen sollte die Schutzfunktion im Vordergrund stehen. An gewissen Orten ist eine Auflichtung für die Erhaltung gewisser lichtliebenden Krautarten nötig.;An offenen Stellen kann sich die Fö gut verjüngen.;Nur Eingriffe, die auf die Schutzfunktion ausgerichtet sind.;Sehr schlecht wüchsiger Föhrenwald, oft mit vielen Mehlbeerbäumen aber ohne Buchen. Bodenvegetation oft von Gräsern beherrscht.;submontan bis obermontan, 500-1000m;Vorallem südexponierte Hänge. Extrem stark wechseltrockene, teils abrutschende Mergelböden, auf denen die Wasserverhältnisse für die Buche zu extrem wechseln. ;Mergelreiche Schichten (Jura und Trias).;"BS: Fö, MBe, (Bu, BAh) ; SS: Liguster, Wolliger Schneeball, Hornstrauch, Weissdorn, Feld-Rose ; KS: Waldmeister, Ästige Graslilie, Fieder-Zwenke, Buntes Reitgras, Pfeifengras, Gebräuchliche Betonie, Dost, Breitblättriges Laserkraut; an offenen Stellen oft auch Orchideen";10w, 14w
65;Erika-/Strauchwicken-Föhrenwald;Erico-/Coronillo-Picetum sylvestris;"Diese extrem schlecht wüchsigen Föhrenwälder eignen sich nicht als Wirtschaftswälder. Als Naturwald erhalten; kaum Eingriffe nötig.";Fö-Wald mit beigemischten MBe und BAh. In den meisten Fällen sollte die Schutzfunktion im Vordergrund stehen. An gewissen Orten ist eine Auflichtung für die Erhaltung gewisser lichtliebenden Krautarten nötig.;An offenen Stellen kann sich die Fö verjüngen.;Nur Eingriffe, die auf die Schutzfunktion ausgerichtet sind.;Offener, niedriger Föhrenwald in Kretenlagen.;untermontan bis hochmontan, 600-1169m;Trockene Felsgrate. Flachgründige Kalkfelsböden mit Trocken-Rohhumus.;Hauptrogenstein und Muschelkalk.;"BS: Fö, MBe ; SS: Felsenmispel, Alpen-Kreuzdorn, Strauckwicke, Wolliger Schneeball ; KS: Niedrige und Weisse Segge, Braunrote Sumpfwurz, Berg- und Edel-Gamander, Ästige Graslilie, Schwalbenwurz, Blaugras, Berg-Distel, Alpen-Bergflachs, Fieder-Zwenke";16, 38
